2020-10-02 23:06:28,https://subss.xjycloud.xyz/link/L5vsingubHJQAi1z?sub=1,ssr,0
2020-10-02 23:07:35,https://subss.xjycloud.xyz/link/q6oQxHQHlqjAiJUA?sub=1,ssr,0
2020-10-02 23:17:50,https://subss.xjycloud.xyz/link/IuKEKBHPUX2NFGN0?sub=1,ssr,0
2020-10-02 23:26:03,https://subss.xjycloud.xyz/link/OHYMxuFzWL7EyVWb?sub=1,ssr,0
2020-10-02 23:06:28,https://subss.xjycloud.xyz/link/L5vsingubHJQAi1z?sub=1,ssr,0
2020-10-02 23:07:35,https://subss.xjycloud.xyz/link/q6oQxHQHlqjAiJUA?sub=1,ssr,0
2020-10-02 23:17:50,https://subss.xjycloud.xyz/link/IuKEKBHPUX2NFGN0?sub=1,ssr,0
2020-10-02 23:26:03,https://subss.xjycloud.xyz/link/OHYMxuFzWL7EyVWb?sub=1,ssr,0
2020-10-15 06:01:48,https://subss.xjycloud.xyz/link/ulogTLwdLv9YYnF5?sub=1,ssr,1
2020-10-15 06:02:47,https://sub.hanhaha.xyz/link/iJhTXbqETPUkYFJj?sub=3,v2ray,0
2020-10-15 08:32:11,https://subss.xjycloud.xyz/link/4FVDCC4eYcc6Fjbf?sub=1,ssr,0
2020-10-17 22:26:04,https://subhaha.xyz/link/LaDZKyODlqz1p7Jb?sub=3&extend=1,v2ray,0
2020-10-17 22:26:06,https://subhaha.xyz/link/LaDZKyODlqz1p7Jb?sub=1&extend=1,ssr,0
2020-10-17 22:42:25,https://subhaha.xyz/link/nVbqKokpeHW65yO5?sub=3&extend=1,v2ray,0
2020-10-17 22:42:27,https://subhaha.xyz/link/nVbqKokpeHW65yO5?sub=1&extend=1,ssr,0
2020-10-18 02:03:30,https://subhaha.xyz/link/L4IsfgCuEYRMuF4U?sub=3&extend=1,v2ray,0
2020-10-18 02:03:30,https://subhaha.xyz/link/L4IsfgCuEYRMuF4U?sub=1&extend=1,ssr,0
2020-10-18 02:43:52,https://sub.hanhaha.xyz/link/F7Uvp3Yv3DjayMRE?sub=3,v2ray,0
2020-10-18 03:05:26,https://subss.xjycloud.xyz/link/pyiuOU4lyGA2rHtk?sub=1,ssr,0
2020-10-18 03:07:33,https://subss.xjycloud.xyz/link/SF3m5Nregsk1DMJe?sub=1,ssr,0
2020-10-20 22:23:13,https://subhaha.xyz/link/CXahawRXVYK7Awiv?sub=3&extend=1,v2ray,0
2020-10-20 22:23:13,https://subhaha.xyz/link/CXahawRXVYK7Awiv?sub=1&extend=1,ssr,0
2020-12-20 03:26:39,https://sub.jisusub.cc/api/v1/client/subscribe?token=93c760a241b30471fbf4bc4176c46cd6,trojan,0
2020-12-20 03:27:23,https://sub.jisusub.cc/api/v1/client/subscribe?token=990d2b14ad0c9642ed8fe209a9c61d2e,trojan,0
2020-12-20 03:42:28,https://sub.jisusub.cc/api/v1/client/subscribe?token=590c5bf4336b717e69f56dede73eca01,trojan,0
2020-12-20 04:28:36,https://sub.jisusub.cc/api/v1/client/subscribe?token=03d421809347a04fb66b57a253e9a4ec,trojan,0
2020-12-20 04:29:00,https://sub.jisusub.cc/api/v1/client/subscribe?token=356e386e21d31de664a55c681729bd97,trojan,0
2020-12-20 04:29:15,https://sub.jisusub.cc/api/v1/client/subscribe?token=805fd9c3696ee01bbb7217c77e08663c,trojan,0
